{
	"IcoMoonType": "selection",
	"icons": [
		{
			"icon": {
				"paths": [
					"M512 0c-282.77 0-512 229.23-512 512s229.23 512 512 512 512-229.23 512-512-229.23-512-512-512zM658.744 749.256l-210.744-210.746v-282.51h128v229.49l173.256 173.254-90.512 90.512z"
				],
				"tags": [
					"clock",
					"time",
					"schedule"
				],
				"grid": 16
			},
			"properties": {
				"id": 73,
				"order": 1,
				"prevSize": 32,
				"code": 58880,
				"name": "clock",
				"ligatures": ""
			},
			"setIdx": 0,
			"iconIdx": 73
		},
		{
			"icon": {
				"paths": [
					"M1024 358.156c0 86.362-37.218 164.030-96.49 217.844h0.49l-320 320c-32 32-64 64-96 64s-64-32-96-64l-319.51-320c-59.272-53.814-96.49-131.482-96.49-217.844 0-162.458 131.698-294.156 294.156-294.156 86.362 0 164.030 37.218 217.844 96.49 53.814-59.272 131.482-96.49 217.844-96.49 162.456 0 294.156 131.698 294.156 294.156z"
				],
				"tags": [
					"heart",
					"like",
					"love",
					"favorite"
				],
				"grid": 16
			},
			"properties": {
				"id": 209,
				"order": 3,
				"prevSize": 32,
				"code": 58882,
				"name": "heart",
				"ligatures": ""
			},
			"setIdx": 0,
			"iconIdx": 209
		},
		{
			"icon": {
				"paths": [
					"M173.517 405.094l56.422 497.101c3.021 23.603 116.992 101.222 282.061 101.325 165.069-0.102 279.091-77.722 282.112-101.325l56.422-497.101c-86.221 48.23-215.091 71.066-338.534 71.066s-252.314-22.835-338.483-71.066zM674.15 97.894l-43.981-48.794c-16.947-24.115-35.379-28.621-71.27-28.621h-93.798c-35.84 0-54.272 4.506-71.27 28.621l-43.93 48.794c-131.584 22.989-227.021 83.968-227.021 128.922v8.755c0 79.155 174.182 143.36 389.12 143.36s389.12-64.205 389.12-143.36v-8.755c0-44.954-95.386-105.933-226.97-128.922zM617.933 211.917l-64.102-68.557h-83.661l-64.102 68.557h-87.040c0 0 95.334-113.664 108.083-129.075 9.728-11.776 19.712-16.282 32.614-16.282h104.602c12.902 0 22.835 4.506 32.614 16.282 12.698 15.411 108.083 129.075 108.083 129.075l-87.091 0z"
				],
				"tags": [
					"trash",
					"bin",
					"delete",
					"remove",
					"can",
					"clear"
				],
				"grid": 20
			},
			"properties": {
				"id": 161,
				"order": 2,
				"prevSize": 20,
				"code": 58881,
				"name": "trash",
				"ligatures": ""
			},
			"setIdx": 3,
			"iconIdx": 161
		}
	],
	"height": 1024,
	"metadata": {
		"name": "icomoon"
	},
	"preferences": {
		"fontPref": {
			"prefix": "icon-",
			"metadata": {
				"fontFamily": "icomoon",
				"majorVersion": 1,
				"minorVersion": 0
			},
			"showGlyphs": true,
			"metrics": {
				"emSize": 512,
				"baseline": 6.25,
				"whitespace": 50
			},
			"resetPoint": 58880,
			"showQuickUse": true,
			"quickUsageToken": false,
			"showMetrics": true,
			"showMetadata": false,
			"embed": true,
			"useClassSelector": false,
			"classSelector": ".icon"
		},
		"imagePref": {
			"color": 0,
			"height": 32,
			"columns": 16,
			"margin": 16,
			"png": false,
			"sprites": true
		},
		"historySize": 100,
		"showCodes": true,
		"gridSize": 16,
		"showLiga": false,
		"showGrid": true,
		"showGlyphs": true,
		"showQuickUse": true,
		"search": ""
	}
}